"cop_id","sum_total_cost"
"137","950000"
"208","950000"
"520","950000"
"1851","11525000"
"3543","2750"
"3762","1250000"
"4208","10000000"
"5114","5375000"
"5148","350000"
"5272","10250000"
"5502","3600000"
"5912","5375000"
"5934","5375000"
"6098","6150000"
"6594","3600000"
"6689","10268118"
"6852","10268118"
"6958","625000"
"7248","12300000"
"7323","11525000"
"7370","1250000"
"7557","22928958"
"7609","10250000"
"7616","2750"
"7635","6375000"
"7773","6150000"
"7894","7400000"
"8000","13550000"
"8147","10000000"
"8156","10250000"
"8159","1252750"
"8161","250000"
"8265","100000"
"8280","625000"
"8309","5375000"
"8497","14850000"
"8660","42775000"
"8750","2750"
"8803","550000"
"9019","3500000"
"9055","2750"
"9062","10268118"
"9072","13070383"
"9105","3600000"
"9220","45000"
"9268","50000"
"9458","1465000"
"9494","2750"
"9613","200000"
"9709","2750"
"9718","10268118"
"9723","2750"
"9860","51500"
"9875","15000000"
"9964","45000"
"9977","409647"
"10091","13600000"
"10117","250000"
"10125","2750"
"10380","454918"
"10395","1750"
"10477","1041425"
"10663","350000"
"10680","550000"
"10734","85000"
"10769","200000"
"10868","270000"
"10919","15067500"
"10924","22500"
"11433","6150000"
"11447","6150000"
"11734","2500"
"11766","30000"
"11914","15858462"
"12076","340000"
"12153","40000"
"12208","250000"
"12211","858462"
"12247","60000"
"12379","50000"
"12396","5000"
"12416","3400000"
"12435","11403958"
"12590","10000"
"12688","46000"
"12736","20000"
"12744","15000000"
"12753","1731500"
"12779","86000"
"12791","50000"
"12837","20000"
"12843","432720"
"12845","5000"
"12952","100000"
"12972","20000"
"13014","15000000"
"13098","31986"
"13127","870000"
"13153","100000"
"13225","75000"
"13293","51000"
"13350","45000"
"13468","3600000"
"13492","30000"
"13587","17000"
"13604","3000"
"13671","650000"
"13707","250000"
"13799","69693"
"13952","25000"
"13978","5000000"
"13986","45000"
"14017","15000"
"14028","325000"
"14031","40000"
"14036","5000"
"14039","250000"
"14052","60000"
"14060","432720"
"14085","45000"
"14094","5024999"
"14107","3500000"
"14111","10268118"
"14131","20000"
"14187","5000"
"14239","385000"
"14257","15000"
"14260","250000"
"14317","2675000"
"14358","48000"
"14394","200000"
"14424","45000"
"14451","500000"
"14458","21000"
"14508","2500"
"14534","32000"
"14550","90004"
"14561","7050000"
"14591","22500"
"14618","250000"
"14646","694"
"14647","10000"
"14667","75558"
"14683","50000"
"14687","15000"
"14692","10000"
"14695","1170646"
"14698","18000"
"14710","45000"
"14711","250000"
"14712","750000"
"14740","29000"
"14769","3000"
"14773","6000"
"14785","150000"
"14838","55000"
"14840","506300"
"14857","2000"
"14867","432720"
"14918","31986"
"14922","21000"
"14934","220000"
"14951","50000"
"14961","71510"
"14973","60000"
"14978","45000"
"14987","567500"
"14990","10000"
"14997","55000"
"15034","100000"
"15045","5500"
"15061","7250"
"15075","25000"
"15089","155000"
"15100","525000"
"15110","10000"
"15114","22500"
"15117","15000"
"15120","375000"
"15128","10000"
"15142","95000"
"15147","3400000"
"15148","45000"
"15165","750000"
"15173","3640000"
"15211","250000"
"15215","3000000"
"15232","46000"
"15237","1250000"
"15248","277500"
"15269","191000"
"15281","30000"
"15304","340000"
"15316","65000"
"15336","99000"
"15338","150000"
"15341","15000000"
"15349","858462"
"15351","51000"
"15377","22500"
"15378","10000"
"15417","5000"
"15426","15000000"
"15429","211000"
"15431","315000"
"15451","5000"
"15460","409647"
"15473","15000"
"15476","80000"
"15539","325000"
"15558","32500"
"15570","45000"
"15579","15000"
"15596","500000"
"15597","1500"
"15609","550000"
"15616","25636"
"15630","60000"
"15650","50000"
"15658","15000"
"15666","25000"
"15667","30000"
"15682","51000"
"15704","10000"
"15721","870000"
"15748","2642"
"15751","85000"
"15763","1428462"
"15769","2500"
"15792","7050000"
"15809","25000"
"15810","1058462"
"15813","582720"
"15865","5005000"
"15866","40000"
"15867","250000"
"15879","20000"
"15880","100000"
"15910","150000"
"15921","152896"
"15938","67500"
"15950","111001"
"15991","29000"
"16058","100000"
"16082","15000"
"16148","40000"
"16168","250000"
"16174","55000"
"16183","3400000"
"16226","99999"
"16236","5000"
"16253","45000"
"16255","5000"
"16301","750000"
"16329","2675000"
"16343","9500"
"16348","220000"
"16366","10000"
"16369","7500"
"16372","1500"
"16373","29000"
"16413","99000"
"16454","7250"
"16457","40000"
"16477","150000"
"16486","48000"
"16505","24000"
"16511","15000"
"16534","45000"
"16546","250000"
"16565","20000"
"16572","500000"
"16575","30000"
"16592","55000"
"16603","50000"
"16652","15000000"
"16679","29000"
"16689","5000"
"16704","100000"
"16711","37500"
"16739","29448"
"16741","263500"
"16786","68500"
"16791","80000"
"16828","10000"
"16831","220000"
"16844","970000"
"16893","3400000"
"16949","40000"
"16974","1144999"
"17004","29448"
"17005","20000"
"17018","19000"
"17027","78000"
"17048","70000"
"17064","12500"
"17065","101000"
"17104","5000"
"17123","35000"
"17152","212000"
"17186","10000"
"17197","5000"
"17239","220000"
"17267","30000"
"17302","409647"
"17327","99000"
"17343","90000"
"17366","500"
"17373","1200000"
"17380","124500"
"17384","3100"
"17390","5000"
"17410","60000"
"17423","30000"
"17434","9000"
"17447","37500"
"17455","152000"
"17458","3000"
"17464","16500"
"17469","95000"
"17486","15020000"
"17529","25000"
"17544","10000"
"17549","75000"
"17566","16000"
"17567","20000"
"17583","6000"
"17588","45000"
"17592","273000"
"17595","36000"
"17599","43358"
"17601","1500000"
"17603","45000"
"17605","212000"
"17607","20000"
"17608","80000"
"17623","10000"
"17636","250000"
"17637","55000"
"17694","70000"
"17705","100000"
"17708","45000"
"17721","5000"
"17724","10000"
"17742","10000"
"17772","5500"
"17775","99000"
"17778","249100"
"17822","5000"
"17827","1731500"
"17843","15000"
"17844","4949999"
"17889","201000"
"17893","40000"
"17896","10268118"
"17928","15000"
"17941","40000"
"17945","40000"
"17960","270000"
"17962","2642"
"17995","15000"
"17997","54000"
"18017","10000"
"18028","12500"
"18029","100000"
"18032","34000"
"18064","30000"
"18076","20000"
"18077","45000"
"18083","9000"
"18084","5009999"
"18110","16000"
"18128","26000"
"18158","35500"
"18179","45000"
"18187","1000000"
"18198","100000"
"18214","100000"
"18217","35000"
"18271","50000"
"18293","99000"
"18304","10000"
"18316","7500"
"18327","27500"
"18331","40000"
"18333","7500"
"18343","20000"
"18427","3000"
"18436","432720"
"18437","3750"
"18482","30000"
"18496","45000"
"18497","50000"
"18520","3401000"
"18530","99000"
"18540","5000"
"18570","90000"
"18572","724404"
"18579","100000"
"18601","50000"
"18602","75000"
"18604","25000"
"18637","700000"
"18654","25000"
"18662","500000"
"18676","11000"
"18682","15000"
"18705","99000"
"18734","40000"
"18748","1465000"
"18749","162499"
"18780","88000"
"18789","39000"
"18810","40000"
"18823","15000"
"18850","18500"
"18854","45000"
"18857","45000"
"18864","20000"
"18866","1300000"
"18868","1000000"
"18869","700000"
"18878","42500"
"18884","452720"
"18885","555000"
"18893","4702258"
"18894","3000"
"18914","1335000"
"18930","75000"
"18980","20000"
"18993","13000"
"19010","76000"
"19044","2650"
"19049","32500"
"19062","10268118"
"19064","40000"
"19084","12500"
"19085","250000"
"19092","18000"
"19099","3400000"
"19113","32500"
"19141","40000"
"19167","100000"
"19173","700000"
"19180","10268118"
"19201","77500"
"19203","30000"
"19210","100000"
"19231","70000"
"19258","6000"
"19279","250000"
"19303","75000"
"19316","99750"
"19319","40000"
"19361","5000"
"19373","30000"
"19385","40000"
"19416","1500"
"19432","30000"
"19441","20000"
"19449","20000"
"19450","1428462"
"19463","1731500"
"19486","15000"
"19495","45000"
"19497","4949999"
"19506","10000"
"19515","53801"
"19522","3000"
"19525","3125"
"19547","430000"
"19557","30000"
"19562","45000"
"19575","103000"
"19581","570000"
"19587","75000"
"19589","40000"
"19600","50000"
"19608","4949999"
"19613","27500"
"19618","1150"
"19621","48000"
"19636","185000"
"19640","703000"
"19641","95000"
"19642","15000"
"19647","352537"
"19673","50000"
"19674","20000"
"19684","13500"
"19692","140000"
"19702","75000"
"19709","570000"
"19723","100000"
"19727","26000"
"19736","15001"
"19739","45000"
"19745","45000"
"19749","75000"
"19752","4000"
"19753","3500000"
"19759","40000"
"19761","20000"
"19771","5000"
"19777","3000"
"19795","100000"
"19813","432720"
"19842","875000"
"19889","75000"
"19900","9000"
"19915","50000"
"19919","1598991"
"19934","77500"
"19940","3000"
"19947","45000"
"19971","15000"
"19972","2500"
"19973","201000"
"19978","5000"
"19981","75000"
"19984","749990"
"19986","160000"
"19992","24000"
"20001","662501"
"20017","40000"
"20022","10293118"
"20023","40500"
"20025","20000"
"20030","122500"
"20032","64000"
"20045","32000"
"20047","1135840"
"20053","50000"
"20054","10278118"
"20056","35000"
"20067","26000"
"20078","99000"
"20089","2500"
"20092","40000"
"20094","5000"
"20096","10500"
"20098","40000"
"20105","10000"
"20135","25500"
"20141","303000"
"20146","22500"
"20147","20000"
"20163","100000"
"20180","63791"
"20185","1200000"
"20186","1000"
"20189","30000"
"20207","99000"
"20208","150558"
"20209","3100"
"20255","437720"
"20262","55000"
"20276","199000"
"20284","7143"
"20286","20000"
"20304","5500"
"20323","152000"
"20330","4989999"
"20334","1041425"
"20337","50000"
"20350","99000"
"20361","15000"
"20397","45000"
"20429","25000"
"20434","20000"
"20439","100000"
"20450","150000"
"20458","121215"
"20466","205000"
"20480","19000"
"20487","15000"
"20503","127000"
"20545","2500"
"20546","496750"
"20548","20000"
"20550","99000"
"20556","34000"
"20560","50000"
"20567","20000"
"20595","99000"
"20603","1500"
"20607","450000"
"20618","205000"
"20620","3000"
"20629","95000"
"20638","50000"
"20668","409647"
"20672","39000"
"20677","6000"
"20679","15000"
"20683","17000"
"20697","75000"
"20746","51500"
"20749","11000"
"20757","7500"
"20762","165000"
"20781","70000"
"20785","30000"
"20825","50000"
"20858","96000"
"20886","10493118"
"20904","529929"
"20909","75000"
"20927","99990"
"20928","868462"
"20931","500"
"20938","7500"
"20943","9500"
"20944","66500"
"20954","100000"
"20960","113560"
"20962","1000"
"20968","50000"
"20969","25000"
"20972","30000"
"20976","7500"
"20995","30000"
"20999","45000"
"21009","1170646"
"21023","34000"
"21024","700000"
"21028","100000"
"21046","142301"
"21052","9000"
"21053","56750"
"21099","2000"
"21117","858462"
"21133","55000"
"21137","25000"
"21141","15000"
"21143","10000"
"21158","45000"
"21166","21000"
"21173","25000"
"21189","698000"
"21197","35000"
"21200","100000"
"21204","75000"
"21219","22198"
"21222","1368270"
"21227","25000"
"21232","315000"
"21242","99000"
"21251","20000"
"21260","45000"
"21264","130000"
"21288","99604"
"21290","65000"
"21293","3400000"
"21303","102500"
"21319","90000"
"21326","30000"
"21328","40000"
"21338","65000"
"21344","30000"
"21347","500000"
"21348","15000"
"21359","87250"
"21368","60000"
"21369","263500"
"21372","301750"
"21381","87500"
"21395","170000"
"21402","5000"
"21413","12000"
"21431","15000"
"21450","1000000"
"21454","41000"
"21457","18000"
"21459","1731500"
"21464","30000"
"21476","1300000"
"21493","60000"
"21500","80000"
"21542","21000"
"21543","15000"
"21560","100000"
"21567","10278118"
"21573","70000"
"21590","7000"
"21607","3000"
"21612","100000"
"21632","1500"
"21634","1170646"
"21645","148750"
"21657","100000"
"21668","35000"
"21683","55000"
"21689","670000"
"21705","40000"
"21706","27500"
"21715","100000"
"21730","75000"
"21749","1135840"
"21759","249100"
"21795","75000"
"21808","1215000"
"21812","125000"
"21816","20000"
"21826","75000"
"21834","43000"
"21839","80000"
"21840","67500"
"21852","40000"
"21869","46000"
"21872","75000"
"21876","119500"
"21882","10358122"
"21919","48000"
"21921","32500"
"21938","40000"
"21939","205000"
"21942","20000"
"21943","15000"
"21947","547500"
"21955","32000"
"21963","200000"
"21989","75000"
"21995","6000"
"22024","35000"
"22025","3000"
"22028","3000"
"22030","14000"
"22041","50000"
"22059","250000"
"22061","99604"
"22075","18000"
"22086","69693"
"22090","100000"
"22096","66000"
"22101","87500"
"22108","45000"
"22136","99000"
"22143","162499"
"22145","30000"
"22150","100000"
"22154","286680"
"22170","15000000"
"22171","50000"
"22172","80000"
"22205","15000"
"22209","700000"
"22222","357000"
"22224","27500"
"22235","222545"
"22237","3000"
"22241","75000"
"22249","9500"
"22259","2500"
"22268","75558"
"22274","57500"
"22277","325000"
"22298","30000"
"22303","15000"
"22334","47000"
"22345","16000"
"22346","95000"
"22348","15000"
"22359","20000"
"22373","27500"
"22381","44496"
"22385","99000"
"22413","85000"
"22415","77500"
"22419","547500"
"22421","173902"
"22423","99000"
"22426","159576"
"22435","185000"
"22437","4500"
"22439","9000"
"22440","16000"
"22460","99990"
"22472","1250000"
"22494","56250"
"22512","15000"
"22518","40000"
"22519","1500"
"22528","20000"
"22535","55002"
"22541","100000"
"22546","858462"
"22550","15000"
"22553","205000"
"22554","2000"
"22566","15000"
"22567","78503"
"22571","115000"
"22578","50000"
"22582","3000"
"22583","70000"
"22593","37198"
"22599","41000"
"22602","4000"
"22610","25000"
"22611","75000"
"22612","700000"
"22617","32500"
"22622","121000"
"22627","3000"
"22628","4401000"
"22632","9600"
"22633","10125"
"22638","2500"
"22641","75000"
"22644","85000"
"22655","29000"
"22656","75000"
"22660","100000"
"22669","64000"
"22686","18500"
"22695","4999999"
"22700","15000"
"22703","7500"
"22717","120000"
"22725","55000"
"22732","5000"
"22737","115000"
"22751","30000"
"22756","11000"
"22761","150000"
"22774","40000"
"22780","178107"
"22787","1000"
"22800","2000"
"22802","194000"
"22805","6000"
"22829","99000"
"22830","30000"
"22836","4949999"
"22844","100000"
"22858","100000"
"22871","1039999"
"22895","51996"
"22898","37500"
"22900","95000"
"22901","5000"
"22911","40000"
"22917","100000"
"22920","75000"
"22938","150000"
"22973","20000"
"22993","32000"
"22995","80000"
"23004","1500000"
"23008","3000"
"23042","30000"
"23048","50000"
"23068","7500"
"23072","20000"
"23085","75000"
"23087","50000"
"23094","117504"
"23099","1000"
"23102","30000"
"23103","180000"
"23106","75000"
"23107","1000000"
"23113","700000"
"23120","205000"
"23142","346001"
"23144","957462"
"23152","88000"
"23154","100000"
"23156","104000"
"23163","1000000"
"23178","724404"
"23184","80000"
"23189","45000"
"23198","9000"
"23201","99604"
"23210","99000"
"23212","15000000"
"23225","155000"
"23226","75000"
"23247","39000"
"23252","21000"
"23256","60000"
"23264","605000"
"23279","1500"
"23281","7020000"
"23284","1282404"
"23286","12500"
"23288","37500"
"23292","30000"
"23312","15000"
"23317","4954999"
"23333","2000"
"23334","6500000"
"23339","24000"
"23342","550000"
"23350","102500"
"23352","40000"
"23378","12000"
"23383","91500"
"23387","5020000"
"23397","82000"
"23409","128149"
"23431","20000"
"23436","22000"
"23437","1170646"
"23441","100000"
"23442","70000"
"23452","5000"
"23454","1000000"
"23461","30000"
"23473","31000"
"23477","48000"
"23500","32500"
"23511","1145840"
"23517","40000"
"23520","2000"
"23522","2200000"
"23542","20000"
"23545","88000"
"23551","144500"
"23559","6000"
"23572","100000"
"23574","20000"
"23580","18000"
"23593","142000"
"23597","13500"
"23604","20000"
"23605","30000"
"23618","500000"
"23624","20000"
"23631","700000"
"23639","175000"
"23678","160000"
"23681","140000"
"23696","30000"
"23705","176060"
"23721","230000"
"23726","540000"
"23736","20000"
"23739","20000"
"23748","99990"
"23750","4324999"
"23764","1500000"
"23771","5000"
"23775","45000"
"23781","69693"
"23790","5000"
"23791","4225000"
"23793","50000"
"23801","38000"
"23807","157504"
"23825","17000"
"23828","30000"
"23831","192499"
"23832","19000"
"23859","100000"
"23872","100000"
"23881","650000"
"23892","100000"
"23898","409937"
"23903","80011"
"23912","46000"
"23914","21000"
"23921","670000"
"23924","10335618"
"23928","20000"
"23933","50000"
"23945","100000"
"23949","10000"
"23957","80000"
"23958","12500"
"23961","339980"
"23981","162499"
"23989","40000"
"23990","24000"
"23995","40000"
"23996","38500"
"24016","2650"
"24017","75000"
"24018","2226500"
"24019","32500"
"24038","550000"
"24040","40000"
"24041","25500"
"24042","42500"
"24049","37500"
"24071","47000"
"24074","2141500"
"24079","3468801"
"24081","30000"
"24088","20000"
"24103","100000"
"24119","2000"
"24124","75000"
"24128","37500"
"24134","47000"
"24141","108560"
"24146","60000"
"24155","45000"
"24156","85000"
"24158","99999"
"24160","65000"
"24165","338274"
"24169","119500"
"24170","1379446"
"24176","120000"
"24189","45000"
"24196","99000"
"24204","4989999"
"24213","145000"
"24219","1000000"
"24222","24815"
"24226","50000"
"24235","60000"
"24237","518748"
"24238","4000"
"24245","5000"
"24250","99990"
"24264","60000"
"24265","80000"
"24275","50000"
"24286","10000"
"24290","99999"
"24291","102952"
"24313","100000"
"24314","25000"
"24318","18000"
"24349","9864"
"24354","224000"
"24380","40000"
"24399","55000"
"24406","500000"
"24419","5426"
"24428","30000"
"24443","30000"
"24454","55000"
"24457","1000"
"24461","99990"
"24468","201000"
"24472","100000"
"24473","31000"
"24475","6451500"
"24477","30000"
"24485","40000"
"24490","10125"
"24492","5000"
"24506","21000"
"24522","15000"
"24523","1750"
"24525","32500"
"24529","99990"
"24534","150000"
"24535","48000"
"24558","40000"
"24565","5000000"
"24567","144999"
"24586","3000"
"24589","107490"
"24597","20000"
"24609","45000"
"24626","45000"
"24637","1000"
"24641","5000"
"24648","50000"
"24650","103149"
"24652","3400000"
"24653","99990"
"24657","22500"
"24665","80000"
"24692","48000"
"24711","40000"
"24724","570000"
"24737","1000000"
"24741","40000"
"24742","117000"
"24745","98000"
"24746","100000"
"24760","23815"
"24762","20000"
"24775","16250"
"24782","5500"
"24784","20000"
"24789","17500"
"24794","20000"
"24811","75000"
"24812","45000"
"24813","70000"
"24835","42500"
"24837","2650"
"24841","75000"
"24846","32000"
"24857","99990"
"24858","87000"
"24875","10125"
"24882","5000"
"24890","100000"
"24891","30000"
"24892","5000"
"24900","30000"
"24911","12500"
"24919","50000"
"24921","21000"
"24928","3500000"
"24933","55000"
"24935","4225000"
"24946","22500"
"24961","409937"
"24964","149680"
"24967","330000"
"24980","100000"
"24986","25000"
"24999","1328270"
"25001","72500"
"25002","65000"
"25006","5000"
"25010","152000"
"25014","1981500"
"25020","40000"
"25025","6551500"
"25033","7500"
"25036","22500"
"25039","61000"
"25049","3500"
"25055","30000"
"25063","35000"
"25075","6000"
"25077","18000"
"25078","13000"
"25081","9000"
"25083","5000"
"25085","50000"
"25093","14000"
"25094","50000"
"25099","165000"
"25102","98500"
"25104","16000"
"25106","48000"
"25113","22500"
"25118","400807"
"25121","450000"
"25125","30000"
"25131","100000"
"25136","99999"
"25149","390000"
"25156","30000"
"25158","603000"
"25177","40000"
"25178","400807"
"25179","5000"
"25180","20000"
"25184","16500"
"25186","12000"
"25191","25000"
"25192","75000"
"25198","297500"
"25202","167200"
"25205","60000"
"25217","55000"
"25224","175000"
"25230","220500"
"25233","5500"
"25242","9500"
"25243","23500"
"25245","100000"
"25252","20000"
"25274","167200"
"25276","30000"
"25283","40000"
"25284","698000"
"25285","3572500"
"25286","95558"
"25294","32500"
"25295","199990"
"25300","1750"
"25310","112500"
"25312","18750"
"25318","1465000"
"25320","50000"
"25322","99000"
"25332","45000"
"25333","5099000"
"25344","15000"
"25345","12364"
"25357","50000"
"25360","75000"
"25363","45000"
"25369","85000"
"25372","15000"
"25382","35000"
"25383","35000"
"25395","9000"
"25404","155000"
"25408","6500"
"25409","47100"
"25419","40000"
"25426","165000"
"25431","570000"
"25439","148750"
"25444","1000"
"25445","9000"
"25450","10000"
"25453","60000"
"25455","50000"
"25460","1500"
"25465","40000"
"25469","200000"
"25473","5000"
"25482","1041425"
"25485","703000"
"25489","50000"
"25496","9000"
"25501","95000"
"25503","15001"
"25510","7500"
"25517","45000"
"25520","75000"
"25530","616000"
"25533","55000"
"25542","80000"
"25548","55000"
"25570","15000"
"25573","467000"
"25577","87000"
"25579","3000"
"25593","99000"
"25597","13000"
"25616","99000"
"25624","75000"
"25630","649929"
"25640","42500"
"25662","54000"
"25663","94000"
"25674","698000"
"25679","6500"
"25682","3000"
"25686","52751"
"25687","360000"
"25692","162499"
"25702","320045"
"25712","10000"
"25713","244980"
"25718","175000"
"25723","2500"
"25730","2248750"
"25732","335273"
"25736","388000"
"25737","18500"
"25740","35000"
"25746","7500"
"25748","10000"
"25753","1000"
"25758","515000"
"25761","65000"
"25764","31000"
"25768","99000"
"25771","3500000"
"25781","18000"
"25784","25000"
"25798","165000"
"25801","137095"
"25802","22950"
"25805","23000"
"25807","75000"
"25827","75000"
"25831","57500"
"25833","30000"
"25842","40000"
"25843","370000"
"25844","62500"
"25847","100000"
"25851","195000"
"25856","37500"
"25857","83000"
"25868","46340"
"25869","64000"
"25872","185000"
"25875","5100000"
"25890","3000"
"25897","12000"
"25908","20000"
"25914","17000"
"25922","150000"
"25924","100000"
"25929","191117"
"25930","190000"
"25931","40000"
"25939","2500"
"25944","15000"
"25949","5750"
"25952","5000"
"25959","15000"
"25964","30000"
"25968","2642"
"25977","230284"
"25991","30000"
"26005","40000"
"26008","282903"
"26032","65000"
"26037","25000"
"26039","15000"
"26040","27001"
"26045","99990"
"26049","5000"
"26052","90000"
"26054","282903"
"26055","20000"
"26057","62500"
"26062","20000"
"26063","515000"
"26067","2100"
"26069","100000"
"26101","45000"
"26104","2200000"
"26109","75000"
"26112","156000"
"26113","375000"
"26115","30000"
"26116","20000"
"26117","175000"
"26123","10000"
"26124","17000"
"26125","80000"
"26130","25000"
"26141","31986"
"26146","148750"
"26159","1850"
"26169","80000"
"26176","20000"
"26183","75000"
"26185","34000"
"26186","25000"
"26187","2642"
"26196","262537"
"26198","30000"
"26199","50000"
"26200","611130"
"26213","30000"
"26216","100000"
"26218","15000"
"26222","75000"
"26226","85508"
"26231","69693"
"26236","100000"
"26250","724404"
"26259","185000"
"26265","30000"
"26267","65000"
"26268","217885"
"26275","10125"
"26280","100000"
"26281","449500"
"26282","100000"
"26288","35000"
"26292","50000"
"26293","40000"
"26294","128500"
"26295","297500"
"26297","62000"
"26300","185001"
"26304","40000"
"26307","44496"
"26311","5000"
"26312","9000"
"26313","45000"
"26315","1300000"
"26319","7500"
"26322","5000"
"26334","290000"
"26336","1000"
"26340","40000"
"26346","136000"
"26347","1057719"
"26348","136000"
"26351","18000"
"26355","467000"
"26365","96000"
"26366","1500"
"26369","378274"
"26373","25000"
"26375","496500"
"26378","340000"
"26386","50000"
"26398","30000"
"26407","694"
"26408","500"
"26411","167000"
"26415","70000"
"26419","42500"
"26422","11000"
"26423","125000"
"26424","55000"
"26427","32500"
"26430","38500"
"26432","99990"
"26436","15000"
"26449","40000"
"26451","99000"
"26452","180426"
"26459","5000"
"26469","6000"
"26498","95000"
"26500","99990"
"26511","55002"
"26512","75558"
"26517","96000"
"26526","81500"
"26529","265000"
"26534","5000"
"26535","41000"
"26536","200558"
"26543","99990"
"26546","75000"
"26547","12500"
"26548","265000"
"26549","128171"
"26553","47100"
"26554","26500"
"26556","55000"
"26558","290000"
"26562","440033"
"26563","58273"
"26564","100000"
"26565","30000"
"26566","60000"
"26567","18000"
"26569","4500000"
"26571","20000"
"26573","7185000"
"26578","185001"
"26582","60000"
"26583","40000"
"26585","205000"
"26588","257545"
"26591","6000"
"26592","55000"
"26593","64000"
"26596","5000"
"26598","8000"
"26599","65000"
"26602","90000"
"26604","45000"
"26609","30000"
"26612","25000"
"26618","724404"
"26622","208000"
"26623","6500"
"26624","11000"
"26625","75000"
"26629","75000"
"26634","145000"
"26635","175000"
"26636","262537"
"26638","7500"
"26639","75000"
"26641","105000"
"26651","30000"
"26660","30000"
"26665","5000"
"26666","30000"
"26669","137095"
"26670","23000"
"26672","65000"
"26675","51000"
"26679","215000"
"26681","102500"
"26682","4500"
"26683","158000"
"26684","60000"
"26685","156000"
"26686","40000"
"26693","29000"
"26695","252537"
"26698","23000"
"26704","137000"
"26708","89000"
"26713","40000"
"26716","29000"
"26722","30000"
"26724","15000"
"26727","85000"
"26728","30000"
"26736","6000"
"26737","37500"
"26738","5000"
"26739","202000"
"26740","30000"
"26743","55000"
"26746","75000"
"26749","80000"
"26753","7500"
"26754","100000"
"26770","55000"
"26771","579500"
"26774","75000"
"26779","75000"
"26782","18000"
"26785","96000"
"26788","75000"
"26791","6000"
"26793","570500"
"26801","6000"
"26809","69000"
"26815","20000"
"26821","712491"
"26827","1052719"
"26834","75000"
"26838","96000"
"26840","17500"
"26841","1000"
"26843","200000"
"26844","15000"
"26850","45000"
"26851","133000"
"26855","25000"
"26856","20000"
"26860","45000"
"26865","650000"
"26867","100000"
"26869","167200"
"26871","118000"
"26882","1224404"
"26885","45000"
"26886","167000"
"26891","115000"
"26900","75000"
"26906","6000"
"26915","525000"
"26917","202000"
"26928","65000"
"26930","30000"
"26932","74750"
"26934","63503"
"26938","30000"
"26948","70000"
"26949","1500"
"26950","215531"
"26952","5000"
"26957","10000"
"26969","5000"
"26972","100000"
"26977","5000"
"26979","45000"
"26981","100000"
"26982","69000"
"26983","185002"
"26987","80000"
"26994","84000"
"26995","245558"
"27001","65000"
"27003","23500"
"27004","10000"
"27008","60000"
"27015","6000"
"27018","13000"
"27025","350000"
"27027","35000"
"27032","22500"
"27036","47000"
"27037","2675000"
"27039","25000"
"27045","165000"
"27046","3062000"
"27050","5000"
"27051","90004"
"27058","118500"
"27061","3000"
"27064","38500"
"27065","163001"
"27069","99990"
"27074","65000"
"27076","30000"
"27080","45000"
"27081","100000"
"27085","20000"
"27090","30000"
"27092","100000"
"27094","200000"
"27096","4636828"
"27097","9000"
"27098","30003"
"27102","80000"
"27109","105500"
"27111","9000"
"27114","75000"
"27115","650000"
"27116","396116"
"27119","23000"
"27120","224033"
"27122","8273"
"27129","112000"
"27136","99990"
"27147","18000"
"27152","47000"
"27153","44496"
"27154","20000"
"27159","156000"
"27167","736404"
"27168","23000"
"27169","50000"
"27171","6000"
"27174","92500"
"27176","25000"
"27179","38773"
"27193","6000"
"27196","80000"
"27197","3000"
"27199","1500"
"27209","40000"
"27228","45000"
"27232","210000"
"27234","30000"
"27239","10000"
"27241","750000"
"27244","175000"
"27245","13000"
"27252","221000"
"27260","10000"
"27265","675000"
"27267","99000"
"27276","48000"
"27277","100000"
"27280","30000"
"27284","25000"
"27291","25000"
"27292","135000"
"27297","35000"
"27299","83500"
"27303","75558"
"27304","698000"
"27309","75558"
"27311","5000"
"27312","7000"
"27317","35000"
"27329","30500"
"27333","175000"
"27342","435000"
"27350","6500"
"27356","25000"
"27365","99000"
"27367","42500"
"27371","240000"
"27372","99000"
"27375","20000"
"27379","60000"
"27382","72500"
"27383","7500"
"27385","7500"
"27386","1500"
"27393","172545"
"27398","30000"
"27399","78500"
"27421","50000"
"27426","25000"
"27428","75000"
"27432","20000"
"27439","85508"
"27444","40000"
"27449","779404"
"27450","85000"
"27453","132100"
"27455","99990"
"27466","25000"
"27467","1250000"
"27472","48000"
"27476","30000"
"27477","156000"
"27478","185001"
"27490","110500"
"27496","55000"
"27501","227000"
"27502","55000"
"27509","5000"
"27519","51000"
"27523","100000"
"27532","1500"
"27534","6000"
"27540","9000"
"27545","7500"
"27546","52751"
"27547","165000"
"27548","40000"
"27550","55000"
"27565","99500"
"27572","238001"
"27573","635001"
"27576","165000"
"27580","80000"
"27587","25000"
"27589","103500"
"27594","53500"
"27596","199617"
"27597","25000"
"27598","635001"
"27599","248750"
"27606","377000"
"27607","330000"
"27610","45000"
"27616","30000"
"27617","50000"
"27626","505000"
"27627","35000"
"27630","137000"
"27632","6000"
"27638","45000"
"27641","75000"
"27642","7500"
"27644","150000"
"27647","20000"
"27648","78000"
"27650","20000"
"27657","252500"
"27664","100000"
"27667","1500"
"27675","85000"
"27680","150000"
"27681","329000"
"27682","90000"
"27683","40000"
"27687","150000"
"27690","99990"
"27696","25000"
"27698","102490"
"27702","50000"
"27704","175000"
"27705","137000"
"27707","20000"
"27708","50000"
"27713","10000"
"27716","248750"
"27717","1500"
"27721","55000"
"27724","20000"
"27732","5000"
"27735","7500"
"27739","10000"
"27740","70000"
"27742","45000"
"27753","30000"
"27756","47000"
"27761","245000"
"27762","650000"
"27774","25000"
"27777","385000"
"27778","20000"
"27779","650000"
"27783","175000"
"27787","70000"
"27790","20000"
"27793","59301"
"27800","156000"
"27801","300000"
"27804","55000"
"27806","224033"
"27807","45000"
"27809","1000"
"27811","75000"
"27812","50000"
"27813","5000"
"27818","432720"
"27819","4874124"
"27821","45000"
"27826","165000"
"27838","112500"
"27840","55000"
"27845","42500"
"27847","7500"
"27849","51000"
"27850","30000"
"27855","3000"
"27866","6000"
"27870","6000"
"27871","30000"
"27872","150000"
"27876","40000"
"27878","14000"
"27879","11501"
"27881","20000"
"27885","6000"
"27890","30000"
"27892","10000"
"27893","60000"
"27895","50000"
"27898","432720"
"27901","60000"
"27902","50000"
"27909","46000"
"27915","27500"
"27916","48500"
"27923","14750"
"27932","69000"
"27935","543630"
"27940","27500"
"27942","40000"
"27976","67500"
"27978","55000"
"27982","252537"
"27983","40000"
"27998","6000"
"28002","156000"
"28005","335273"
"28017","5000"
"28023","67000"
"28031","7500"
"28032","75000"
"28033","675000"
"28038","1000"
"28040","40000"
"28042","128501"
"28045","25000"
"28046","299000"
"28047","75000"
"28051","60000"
"28055","25000"
"28059","116142"
"28061","95000"
"28076","2000000"
"28081","185001"
"28082","815000"
"28085","170000"
"28088","116142"
"28089","159990"
"28090","8000"
"28095","70000"
"28096","16000"
"28104","240000"
"28109","50000"
"28122","70000"
"28126","11000"
"28131","20000"
"28132","40824"
"28133","100000"
"28136","242545"
"28137","140000"
"28139","60000"
"28143","160001"
"28144","20000"
"28146","10125"
"28152","175000"
"28153","70000"
"28155","38773"
"28160","107500"
"28171","35000"
"28172","3500"
"28178","65000"
"28185","20000"
"28187","99000"
"28193","100000"
"28196","50000"
"28212","162499"
"28214","75000"
"28219","5000"
"28222","75000"
"28225","93000"
"28227","100000"
"28233","7500"
"28236","25000"
"28241","35000"
"28244","8500"
"28247","75000"
"28249","500"
"28250","120000"
"28253","87500"
"28254","45000"
"28257","41500"
"28258","75000"
"28259","82500"
"28260","99990"
"28267","35395"
"28268","25000"
"28273","500"
"28274","99000"
"28277","75000"
"28281","119990"
"28283","3022"
"28289","50000"
"28298","100000"
"28300","78500"
"28302","7500"
"28304","99990"
"28305","25000"
"28307","75000"
"28318","2000"
"28319","160000"
"28332","15000"
"28336","34900"
"28337","15000"
"28339","100000"
"28342","43500"
"28344","50000"
"28345","17500"
"28347","41000"
"28349","3500"
"28355","7501"
"28359","206500"
"28368","205000"
"28369","10000"
"28374","35000"
"28384","57500"
"28386","82500"
"28387","45000"
"28393","170000"
"28396","175000"
"28400","12500"
"28403","45000"
"28405","20000"
"28407","15000"
"28410","40000"
"28412","20000"
"28414","50000"
"28416","22000"
"28423","1000"
"28424","71950"
"28426","100000"
"28434","20000"
"28435","263600"
"28445","15000"
"28446","10500"
"28450","67500"
"28454","20000"
"28455","99999"
"28472","60000"
"28477","395885"
"28480","162795"
"28482","698000"
"28486","4500000"
"28488","15000"
"28494","21000"
"28495","36000"
"28506","16000"
"28511","400000"
"28516","400000"
"28523","40000"
"28551","55000"
"28554","100000"
"28562","12500"
"28568","11501"
"28576","48000"
"28578","85000"
"28579","115000"
"28583","98000"
"28585","8000"
"28592","60000"
"28593","80000"
"28595","40000"
"28596","40000"
"28599","55000"
"28610","48500"
"28612","78000"
"28621","30000"
"28624","212000"
"28625","212000"
"28630","133000"
"28635","350"
"28642","45000"
"28643","18750"
"28649","78000"
"28652","24000"
"28655","25000"
"28657","1500"
"28660","40000"
"28662","278774"
"28663","14000"
"28664","2126357"
"28665","45000"
"28666","1000"
"28669","200000"
"28675","546000"
"28677","2000000"
"28679","36000"
"28683","80000"
"28684","124000"
"28685","343500"
"28691","63000"
"28699","100000"
"28701","15000"
"28708","79500"
"28710","53801"
"28716","50000"
"28722","1000"
"28723","299000"
"28726","35395"
"28728","40000"
"28729","2000"
"28738","12000"
"28739","650000"
"28744","17000"
"28746","384500"
"28747","99990"
"28750","2000"
"28751","79000"
"28753","60000"
"28755","2000"
"28762","1000"
"28769","80000"
"28777","5000"
"28778","81000"
"28781","99000"
"28786","20000"
"28788","12500"
"28791","36000"
"28795","21000"
"28796","90000"
"28798","65000"
"28807","120000"
"28815","25000"
"28818","3085000"
"28819","173990"
"28822","153990"
"28834","51000"
"28841","109000"
"28844","99990"
"28847","15000"
"28854","45000"
"28864","7500"
"28865","13000"
"28867","25000"
"28870","40000"
"28875","3500"
"28884","47500"
"28889","75000"
"28891","75000"
"28895","50000"
"28902","450000"
"28903","20000"
"28904","25000"
"28905","40000"
"28906","451000"
"28932","54000"
"28933","18000"
"28938","10125"
"28962","100000"
"28975","99999"
"28976","2500"
"28978","156000"
"28981","10000"
"28990","4500000"
"29001","1300000"
"29003","40000"
"29010","8273"
"29018","230500"
"29034","10000"
"29035","20000"
"29039","8273"
"29044","1400000"
"29048","84000"
"29051","134990"
"29054","70000"
"29059","80000"
"29062","160001"
"29063","5000"
"29066","60000"
"29070","99990"
"29074","48500"
"29075","100000"
"29076","650000"
"29085","100000"
"29088","1050000"
"29091","65000"
"29100","299000"
"29107","1000"
"29115","22000"
"29119","2500"
"29121","10000"
"29122","99000"
"29123","30000"
"29124","70000"
"29129","55000"
"29130","167500"
"29134","42000"
"29140","4000"
"29150","82500"
"29159","545000"
"29160","3750"
"29164","3770000"
"29173","10000"
"29175","10000"
"29177","90000"
"29181","81751"
"29186","3000"
"29190","80000"
"29191","165999"
"29193","74751"
"29195","55000"
"29197","50000"
"29202","45000"
"29203","83500"
"29214","5000"
"29216","59000"
"29221","102500"
"29222","96000"
"29227","1000"
"29228","14000"
"29232","102500"
"29234","55000"
"29235","100000"
"29237","40000"
"29242","13000"
"29246","98000"
"29248","244999"
"29250","96000"
"29251","210000"
"29252","60000"
"29262","5000"
"29264","76000"
"29269","950"
"29270","136385"
"29275","10000"
"29287","2900"
"29289","120824"
"29290","4000"
"29301","15000"
"29307","24000"
"29310","34576"
"29311","525000"
"29313","25000"
"29319","57500"
"29323","644501"
"29326","25000"
"29327","40000"
"29335","550750"
"29339","120824"
"29341","25000"
"29344","30000"
"29348","10000"
"29357","200000"
"29362","9500"
"29364","100000"
"29365","75000"
"29368","120824"
"29371","30000"
"29374","75000"
"29379","5000"
"29385","5000"
"29397","112500"
"29406","3750"
"29407","1000"
"29413","23000"
"29423","30000"
"29428","500000"
"29430","10000"
"29445","99000"
"29451","509500"
"29452","76000"
"29453","55000"
"29463","1300000"
"29464","29000"
"29469","99999"
"29485","529929"
"29488","495000"
"29489","156000"
"29492","19500"
"29493","75000"
"29497","18000"
"29500","10000"
"29501","2650"
"29504","14500"
"29508","10000"
"29509","156000"
"29512","156000"
"29514","67500"
"29515","35000"
"29522","40000"
"29523","3000"
"29530","55000"
"29534","25636"
"29546","75000"
"29551","20000"
"29552","20000"
"29553","102649"
"29558","52751"
"29561","77000"
"29562","11000"
"29575","25000"
"29576","60000"
"29577","40500"
"29595","3000"
"29604","139999"
"29610","500000"
"29616","30000"
"29619","1500"
"29621","52000"
"29624","95500"
"29628","60000"
"29632","40000"
"29638","40000"
"29643","99999"
"29653","22500"
"29654","50000"
"29659","65000"
"29667","20000"
"29672","5449999"
"29676","35000"
"29684","4949999"
"29688","10000"
"29689","25000"
"29694","25000"
"29706","30000"
"29707","20000"
"29722","40000"
"29727","20000"
"29734","370000"
"29735","30000"
"29740","18000"
"29741","60000"
"29753","20000"
"29761","5000"
"29764","30000"
"29767","45000"
"29768","10000"
"29774","10000"
"29787","25000"
"29798","25000"
"29800","80000"
"29804","75000"
"29805","75000"
"29808","25000"
"29854","52000"
"29884","200000"
"29907","99000"
"29917","20000"
"29940","30003"
"29951","85000"
"30004","40000"
"30008","95000"
"30011","99000"
"30024","65000"
"30033","65000"
"30039","78000"
"30043","40000"
"30045","78000"
"30068","55000"
"30080","14000"
"30098","5000"
"30109","78000"
"30118","20000"
"30126","20000"
"30151","100000"
"30157","78000"
"30181","185000"
"30276","5000"
"30277","37500"
"30286","25000"
"30295","20000"
"30298","5000"
"30306","65000"
"30339","8500"
"30355","4500"
"30356","1508500"
"30357","65000"
"30365","65000"
"30370","30000"
"30375","30000"
"30378","4500"
"30385","1500000"
"30452","55000"
"30460","70000"
"30463","25000"
"30466","17000"
"30503","65000"
"30507","100000"
"30786","34000"
